host_ts,device_ts,error,anon_fault_alloc,anon_fault_fallback,anon_fault_fallback_charge,split,swpin,swpout,zswpout,order_0,order_1,order_2,order_3,order_4,order_5,order_6,order_7,order_8,order_9,order_10,order_11,order_12,order_13,order_14,order_15,folio_large_total,folio_alloc_total
1782915577,,,18047165,193,0,635663,0,0,0,,,,,,,,,,,,,,,,,0,0
1782915587,,,18176527,193,0,637374,0,0,0,,,,,,,,,,,,,,,,,0,0
1782915597,,,18297739,193,0,640025,0,0,0,,,,,,,,,,,,,,,,,0,0
1782915607,,,18423859,193,0,647507,0,0,0,,,,,,,,,,,,,,,,,0,0
1782915617,,,18541930,193,0,661684,0,0,0,,,,,,,,,,,,,,,,,0,0
1782915627,,,18654826,193,0,666762,0,0,0,,,,,,,,,,,,,,,,,0,0
1782915637,,,18743740,193,0,673619,0,0,0,,,,,,,,,,,,,,,,,0,0
1782915647,,,18837535,193,0,688811,0,0,0,,,,,,,,,,,,,,,,,0,0
1782915657,,,18920658,193,0,696688,0,0,0,,,,,,,,,,,,,,,,,0,0
1782915667,,,19007702,193,0,698479,0,0,0,,,,,,,,,,,,,,,,,0,0
1782915677,,,19086904,193,0,700724,0,0,0,,,,,,,,,,,,,,,,,0,0
1782915687,,,19163558,193,0,705502,0,0,0,,,,,,,,,,,,,,,,,0,0
1782915697,,,19242467,193,0,709467,0,0,0,,,,,,,,,,,,,,,,,0,0
1782915707,,,19331137,193,0,713037,0,0,0,,,,,,,,,,,,,,,,,0,0
1782915717,,,19426075,193,0,715428,0,0,0,,,,,,,,,,,,,,,,,0,0
1782915727,,,19534604,193,0,718559,0,0,0,,,,,,,,,,,,,,,,,0,0
1782915737,,,19627865,193,0,732974,0,0,0,,,,,,,,,,,,,,,,,0,0
1782915747,,,19720781,193,0,739772,0,0,0,,,,,,,,,,,,,,,,,0,0
1782915757,,,19824536,193,0,749782,0,0,0,,,,,,,,,,,,,,,,,0,0
1782915767,,,19909879,193,0,776540,0,0,0,,,,,,,,,,,,,,,,,0,0
1782915777,,,19993314,193,0,781113,0,0,0,,,,,,,,,,,,,,,,,0,0
1782915787,,,20073543,194,0,785307,0,0,0,,,,,,,,,,,,,,,,,0,0
1782915797,,,20167019,194,0,793739,0,0,0,,,,,,,,,,,,,,,,,0,0
1782915807,,,20264296,194,0,795681,0,0,0,,,,,,,,,,,,,,,,,0,0
1782915817,,,20352446,194,0,797741,0,0,0,,,,,,,,,,,,,,,,,0,0
1782915827,,,20437932,194,0,811482,0,0,0,,,,,,,,,,,,,,,,,0,0
1782915837,,,20509754,194,0,814025,0,0,0,,,,,,,,,,,,,,,,,0,0
